movieId,title
1,90210
2,.9-1-1
3,13 Reasons Why
4,24 Hours
5,30 Rock
6,4 Blocks
7,A Series of Unfortunate Events
8,Agent Carter
9,Altered Carbon
10,American Crime Story
11,American Gods
12,American Horror Story
13,Anne
14,Aokana: Four Rhythm Across the Blue
15,Arrested Development
16,Arrow
17,Atlanta
18,Atypical
19,Band of Brothers
20,Barry
21,Bates Motel
22,Better Call Saul
23,Big Little Lies
24,Billions
25,Black Lightning
26,Black Mirror
27,Blindspot
28,Bloodline
29,Blue Bloods
30,Bodyguard
31,Bones
32,Bosch
33,Breaking Bad
34,Brooklyn Nine-Nine
35,Californication
36,Call the Midwife
37,Castle
38,Charmed
39,Chicago Fire
40,Chicago Med
41,Chicago P.D.
42,Chilling Adventures of Sabrina
43,Cold Feet
44,Colony
45,Comedians in Cars Getting Coffee
46,Comedy Central Presents
47,Comic Book Men
48,Community
49,Constantine
50,Containment
51,Continuum
52,Cops
53,Cosmos
54,Cougar Town
55,Counterpart
56,Coupling
57,Courage the Cowardly Dog
58,Covert Affairs
59,Cow and Chicken
60,Cowboy Bebop
61,Crashing
62,Crazy Ex-Girlfriend
63,Crime Story
64,Criminal Minds
65,Criminal Minds: Beyond Borders
66,Crossing Lines
67,CSI: Crime Scene Investigation
68,Cuckoo
69,Curb Your Enthusiasm
70,Cyberchase
71,Daily Lives of High School Boys
72,Damages
73,Damien
74,Dance Academy
75,Dance in the Vampire Bund
76,Danganronpa: The Animation
77,DanMachi: Is It Wrong to Try to Pick Up Girls in a Dungeon?
78,Danny Phantom
79,Daredevil
80,Daria
81,Dark
82,Dark Matter
83,Date a Live
84,Dawson's Creek
85,Days of Our Lives
86,DC's Legends of Tomorrow
87,DCI Banks
88,Dead Like Me
89,Dead Set
90,Deadliest Catch
91,Deadly Class
92,Deadman Wonderland
93,Deadwind
94,Deadwood
95,Dear White People
96,Death in Paradise
97,Death Note
98,Death Parade
99,Deception
100,Deep State
101,Defiance
102,Degrassi: Next Class
103,Degrassi: The Next Generation
104,Derry Girls
105,Designated Survivor
106,Desperate Housewives
107,Devilman: Crybaby
108,Devious Maids
109,Dexter
110,Dexter's Laboratory
111,Digimon Fusion
112,Dimension W
113,"Diners, Drive-ins and Dives"
114,Dinosaurs
115,Dirk Gently's Holistic Detective Agency
116,Dirty John
117,Disenchantment
118,Disjointed
119,Divine Gate
120,Doc Martin
121,Doctor Who
122,Dog with a Blog
123,Dogs of Berlin
124,Dollhouse
125,Dominion
126,Don't Trust the B---- in Apartment 23
127,Dora the Explorer
128,Doug
129,Downton Abbey
130,Dragonar Academy
131,Drake & Josh
132,Drawn Together
133,Drop Dead Diva
134,"Drugs, Inc."
135,Drunk History
136,Duck Dodgers
137,Duck Dynasty
138,DuckTales
139,Durarara!!
140,Dusk Maiden of Amnesia
141,Dynasty
142,Eastbound & Down
143,Easy
144,"Ed, Edd n Eddy"
145,Eight Is Enough
146,El Chapo
147,Elementary
148,Eli Stone
149,Elite
150,Emerald City
151,Empire
152,Endeavour
153,Entourage
154,Episodes
155,ER
156,Erased
157,Ergo Proxy
158,Escape at Dannemora
159,Eternal Love
160,Eureka
161,Eureka Seven
162,Everwood
163,Every Witch Way
164,Everybody Hates Chris
165,Everybody Loves Raymond
166,Expedition Unknown
167,Explained
168,Extras
169,F Is for Family
170,Fairy Tail
171,Falcon Crest
172,Falling Skies
173,Falling Water
174,Family Affair
175,Family Guy
176,Family Matters
177,Family Ties
178,Famous in Love
179,Fargo
180,Farscape
181,Fate/Apocrypha
182,Fate/Extra Last Encore
183,Fate/kaleid liner Prisma Illya
184,Fate/stay night: Unlimited Blade Works
185,Father Brown
186,Fawlty Towers
187,Fear the Walking Dead
188,Firefly
189,Fireman Sam
190,Flash
191,Flashforward
192,Flashpoint
193,FLCL
194,Fleabag
195,Food Wars: Shokugeki no Soma
196,For The People
197,Forensic Files
198,Forever
199,Fortitude
200,Foster's Home for Imaginary Friends
201,Fraggle Rock
202,Frasier
203,Freakazoid!
204,Frequency
205,Fresh Off the Boat
206,Friday Night Lights
207,Friends
208,Friends from College
209,Fringe
210,From Dusk Till Dawn: The Series
211,Frontier
212,Frontline
213,Full House
214,Full Metal Panic!
215,Fuller House
216,Fullmetal Alchemist
217,Futurama
218,Future Man
219,G.I. Joe
220,Galavant
221,Game of Silence
222,Game of Thrones
223,Game Shakers
224,Gamers!
225,Gantz
226,Gargoyles
227,General Hospital
228,Generation Kill
229,Genius
230,Geordie Shore
231,Get Shorty
232,Ghost Adventures
233,Ghost Hunters
234,Ghost in the Shell: Stand Alone Complex
235,Ghost Whisperer
236,Ghosted
237,Gilligan's Island
238,Gilmore Girls
239,Gilmore Girls: A Year in the Life
240,Gintama
241,Girl Meets World
242,Girlboss
243,Girls
244,Glee
245,GLOW
246,God Friended Me
247,Godless
248,Gold Rush
249,Gomorrah
250,Good Behavior
251,Good Eats
252,Good Girls
253,Good Luck Charlie
254,Good Times
255,Good Trouble
256,Good Witch
257,Goof Troop
258,Goosebumps
259,Gossip Girl
260,Gotham
261,Grace and Frankie
262,Graceland
263,Grand Hotel
264,Grantchester
265,Gravity Falls
266,Great News
267,Greek
268,Green Acres
269,Green Lantern: The Animated Series
270,Greenhouse Academy
271,Greenleaf
272,Grimgar of Fantasy and Ash
273,Grimm
274,Grown-ish
275,Guilt
276,Guilty Crown
277,Gunpowder
278,"Gunpowder, Treason & Plot"
279,Haganai: I Don't Have Many Friends
280,Halt and Catch Fire
281,Handy Manny
282,Hannah Montana
283,Hannibal
284,Hap and Leonard
285,Happy Endings
286,Happy Tree Friends
287,Happy Valley
288,Happy!
289,Harlots
290,Harper's Island
291,Harrow
292,Hart of Dixie
293,Hart to Hart
294,Haven
295,Hawaii Five-0
296,Heartland
297,Heaven's Lost Property
298,Helix
299,Hell on Wheels
300,Hellsing
301,Hellsing Ultimate
302,Hemlock Grove
303,Henry Danger
304,Heroes
305,Heroes Reborn
306,Hey Arnold!
307,High School DxD
308,Highschool of the Dead
309,Highway to Heaven
310,Hill Street Blues
311,Hinterland
312,Hip Whip Girl: Keijo!!!!!!
313,Home Improvement
314,Homeland
315,Homicide Hunter: Lt. Joe Kenda
316,Hot in Cleveland
317,House
318,House of Cards
319,House of Lies
320,How I Met Your Mother
321,How It's Made
322,How the Universe Works
323,How to Get Away with Murder
324,Huge in France
325,Human Target
326,Humans
327,Hunter x Hunter
328,Hustle
329,Hyouka
330,I Am Not an Animal
331,I Am the Night
332,I Dream of Jeannie
333,I Love Lucy
334,iCarly
335,Ice Fantasy
336,Ice Road Truckers
337,Imposters
338,Impractical Jokers
339,In the Heat of the Night
340,In Treatment
341,Incorporated
342,Infinite Stratos
343,Initial D
344,Insatiable
345,Insecure
346,Inspector Gadget
347,Inspector Lewis
348,Inspector Morse
349,Instinct
350,Intelligence
351,Intersection
352,Intervention
353,Into the Badlands
354,Inuyasha
355,Invader ZIM
356,Iron Fist
357,Is This a Zombie?
358,It's Always Sunny in Philadelphia
359,iZombie
360,Jack Taylor
361,Jackass
362,Jackie Chan Adventures
363,Jake and the Never Land Pirates
364,Jamestown
365,Jane the Virgin
366,Jericho
367,Jessica Jones
368,Jessie
369,Johnny Bravo
370,Johnny Test
371,JoJo's Bizarre Adventure
372,Jormungand
373,Just Shoot Me!
374,Justice League
375,Justified
376,K-On!
377,K.C. Undercover
378,Kakegurui
379,Keeping Up Appearances
380,Keeping Up with the Kardashians
381,Kenan & Kel
382,Kevin (Probably) Saves the World
383,Kevin Can Wait
384,Kick Buttowski: Suburban Daredevil
385,Kickin' It Old Skool
386,KILL La KILL
387,Killing Eve
388,Killjoys
389,Kim's Convenience
390,Kingdom
391,Knight Rider
392,Knight Squad
393,Knightfall
394,Krypton
395,Kyle XY
396,La casa de papel
397,La Doña
398,La Femme Nikita
399,La Mante
400,La Reina del Sur
401,Lab Rats
402,Last Man Standing
403,Last Week Tonight with John Oliver
404,Law & Order
405,Law & Order: Criminal Intent
406,Law & Order: Special Victims Unit
407,Leah Remini: Scientology and the Aftermath
408,Legacies
409,Legend of the Seeker
410,Legends
411,Legends of Tomorrow
412,Legion
413,Lethal Weapon
414,Leverage
415,Lie to Me
416,Life
417,Life Below Zero
418,Life in Pieces
419,Life Unexpected
420,Lights Out
421,Lilyhammer
422,Limitless
423,Line of Duty
424,Lip Sync Battle
425,Little Bill
426,Little Britain
427,Little House on the Prairie
428,Little Women: Atlanta
429,Little Women: LA
430,Liv and Maddie
431,Live PD
432,Living Single
433,Lizzie McGuire
434,Lodge 49
435,Log Horizon
436,Lois & Clark: The New Adventures of Superman
437,Lonesome Dove
438,Longmire
439,Looking
440,Lord Marksman and Vanadis
441,Lost
442,Lost Girl
443,Lost in Space
444,Louie
445,Love
446,Love & Hip Hop: Atlanta
447,Love Live!: School Idol Project
448,"Love, Death & Robots"
449,Lucifer
450,Luke Cage
451,Lunatics
452,Lupin the Third: A Woman Called Fujiko Mine
453,Luther
454,M*A*S*H
455,MacGyver
456,Mad
457,Mad About You
458,Mad Men
459,Madam Secretary
460,Magi
461,Magic City
462,"Magnum, P.I."
463,Major Crimes
464,Make It or Break It
465,Maken-Ki! Battling Venus
466,Making of 'Highlander: The Series'
467,Mama's Family
468,Man vs. Wild
469,Man with a Plan
470,Manhunt: Unabomber
471,Maniac
472,Manifest
473,Marcella
474,Marco Polo
475,Marlon
476,Married... with Children Reunion
477,Mars
478,Martin
479,Marvel's Agents of S.H.I.E.L.D.: Academy
480,Mary Kills People
481,Masha and the Bear
482,Master of None
483,MasterChef Junior
484,Masters of Horror
485,Masters of Sex
486,Maude
487,Maverick
488,Mayans M.C.
489,McMafia
490,Medici
491,Medium
492,Melissa & Joey
493,Melrose Place
494,Merlin
495,Metalocalypse
496,Mia and Me
497,Miami Vice
498,Mickey Mouse
499,Mickey Mouse Clubhouse
500,"Midnight, Texas"
501,Midsomer Murders
502,Mighty Med
503,Mike & Molly
504,Mildred Pierce
505,Mindhunter
506,Minority Report
507,Misfits
508,Miss Fisher's Murder Mysteries
509,Mistresses
510,Mob Psycho 100
511,Modern Family
512,Modern Marvels
513,Mom
514,Money Heist
515,Monk
516,Mr. Robot
517,Murdoch Mysteries
518,My Name Is Earl
519,My Wife and Kids
520,Naked City
521,Narcos
522,Narcos: Mexico
523,Naruto
524,Naruto Shippuden the Movie: Blood Prison
525,Nashville
526,Nature
527,NCIS
528,NCIS: Los Angeles
529,NCIS: New Orleans
530,Ned's Declassified School Survival Guide
531,New Amsterdam
532,New Game!
533,New Girl
534,NewsRadio
535,"Nicky, Ricky, Dicky & Dawn"
536,Night Court
537,Nightflyers
538,Nikita
539,Nip/Tuck
540,"No Game, No Life"
541,No Good Nick
542,Noragami
543,North and South
544,Not Going Out
545,Nova
546,Numb3rs
547,Nura: Rise of the Yokai Clan
548,Nurse Jackie
549,NYPD Blue
550,OCTB
551,Oggy and the Cockroaches
552,On My Block
553,On the Case with Paula Zahn
554,Once Upon a Time
555,Once Upon a Time
556,One Day at a Time
557,One Punch Man: Wanpanman
558,One Strange Rock
559,One Tree Hill
560,Orange
561,Orange Is the New Black
562,Orphan Black
563,Osmosis
564,Our Planet
565,Ouran High School Host Club
566,Outback Truckers
567,Outbreak Company
568,Outcast
569,Outlander
570,Outsiders
571,Over the Garden Wall
572,Overlord
573,Oz
574,Ozark
575,Pacific Blue
576,Paradise PD
577,Parasyte: The Maxim
578,Parenthood
579,Parks and Recreation
580,Party of Five
581,Patrick Melrose
582,Patriot Act with Hasan Minhaj
583,PAW Patrol
584,Pawn Stars
585,Peaky Blinders
586,Penn & Teller: Bullshit!
587,Penny Dreadful
588,Peppa Pig
589,Perception
590,Person of Interest
591,Petticoat Junction
592,Phantom: Requiem for the Phantom
593,Phineas and Ferb
594,Pinky Malinky
595,PJ Masks
596,Planet Earth
597,Planet Earth II
598,Pokémon
599,Pokémon Origins
600,Poldark
601,Popeye the Sailor
602,Pose
603,Power
604,Power Rangers
605,Powers
606,Preacher
607,Pretty Little Liars
608,Pretty Little Liars: The Perfectionists
609,Pride and Prejudice
610,Primeval
611,Princess Agents
612,Prison Break
613,Prison School
614,Private Eyes
615,Private Practice
616,Project Runway
617,Proven Innocent
618,Psych
619,Psycho-Pass
620,Public Enemy
621,Punk'd
622,Pure Genius
623,Pushing Daisies
624,Quantico
625,Quantum Leap
626,Quarry
627,Queen of the South
628,Queer as Folk
629,Queer Eye
630,Quicksand
631,Ranma ½
632,Ransom
633,Raven's Home
634,Ray Donovan
635,Re: Zero - Starting Life in Another World
636,Real Time with Bill Maher
637,Reaper
638,Reba
639,Rebelde
640,ReBoot: The Guardian Code
641,Rectify
642,Red Dwarf
643,Red vs. Blue
644,Regular Show
645,Reign
646,Relic Hunter
647,ReLIFE
648,Remington Steele
649,Reno 911!
650,Rescue Me
651,Restaurant: Impossible
652,Resurrection
653,Revenge
654,Reverie
655,Revolution
656,Rick and Morty
657,Ridiculousness
658,Rilakkuma and Kaoru
659,Rita
660,River Monsters
661,Riverdale
662,Riviera
663,Rizzoli & Isles
664,Robin Hood
665,Robot Chicken
666,Robozuna
667,Rocket Power
668,Rocko's Modern Life
669,Rogue
670,Rome
671,Rookie Blue
672,Rosario + Vampire
673,Rosewood
674,Roswell
675,"Roswell, New Mexico"
676,Royal Pains
677,Rugrats
678,Rules of Engagement
679,RuPaul's Drag Race
680,Rurouni Kenshin Part I: Origins
681,Russian Doll
682,S.W.A.T.
683,"Sabrina, the Teenage Witch"
684,Sacred Games
685,Safe
686,Sailor Moon
687,Sailor Moon Crystal
688,Salem
689,Salvation
690,Sam & Cat
691,Samantha!
692,Samurai Champloo
693,Samurai Jack
694,Sanctuary
695,Santa Clarita Diet
696,Saturday Night Live
697,Saved by the Bell
698,Saving Hope
699,Scandal
700,Schitt's Creek
701,Scooby-Doo and Scrappy-Doo
702,Scooby-Doo! Mystery Incorporated
703,Scorpion
704,Scream
705,Scream Queens
706,Scream: The TV Series
707,Scrubs
708,SEAL Team
709,Secret City
710,Secret Diary of a Call Girl
711,Seinfeld
712,Sekirei
713,Sense8
714,Seraph of the End
715,Servamp
716,Sesame Street
717,Seven Seconds
718,Sex and the City
719,Sex Education
720,SGU Stargate Universe
721,Shades of Blue
722,Shadowhunters
723,Shadowhunters: The Mortal Instruments
724,Shake It Up
725,Shakespeare & Hathaway: Private Investigators
726,Shakugan No Shana
727,Shameless
728,Shark
729,Shark Tank
730,Sharp Objects
731,Sharpe: The Legend
732,Shaun the Sheep
733,She Turned the World on with Her Smile: The Making of 'The Mary Tyler Moore Show'
734,She-Ra and the Princesses of Power
735,Sherlock
736,Shetland
737,Shimmer and Shine
738,Shomin Sample
739,Shooter
740,Show Me a Hero
741,Shut Eye
742,Silent Witness
743,Silicon Valley
744,Silver Spoon
745,Siren
746,Sirius the Jaeger
747,Sister Wives
748,Six
749,Six Feet Under
750,Skins
751,Slam Dunk
752,Slasher
753,Sleepy Hollow
754,Sliders
755,Smallville
756,SMILF
757,Sneaky Pete
758,Snow White with the Red Hair
759,Snowfall
760,Sofia the First
761,Sons of Anarchy
762,Soul Eater
763,Sound! Euphonium
764,South Park
765,Southland
766,Space Ghost Coast to Coast
767,Space: 1999
768,Sparta
769,Spartacus
770,Special
771,Speechless
772,Spider-Man
773,Spiral
774,Spirit Riding Free
775,St. Elsewhere
776,Stan Lee's Lucky Man
777,Star
778,Star Trek
779,Star Trek: Deep Space Nine
780,Star Trek: Discovery
781,Star Trek: Enterprise
782,Star Trek: The Animated Series
783,Star Trek: The Next Generation
784,Star Trek: Voyager
785,Star vs. the Forces of Evil
786,Star Wars Rebels
787,Star Wars Resistance
788,Star Wars: The Clone Wars
789,Stargate SG-1
790,Stargate: Atlantis
791,Starsky & Hutch
792,StartUp
793,Static Shock
794,Station 19
795,Steins;Gate
796,Step by Step
797,Steven Universe
798,Still Game
799,Stitchers
800,Storage Wars
801,Stranger Things
802,Street Food
803,Street Outlaws
804,Strike Back
805,Studio 60 on the Sunset Strip
806,Suburgatory
807,Suburra: Blood on Rome
808,Succession
809,Sucedió en el internado
810,Suits
811,Supergirl
812,Supernatural
813,Superstore
814,Survivor
815,Swamp People
816,Switched at Birth
817,Sword Art Online
818,Sword Art Online: Alternative Gun Gale Online
819,Taboo
820,Taboo-Tattoo
821,Take Two
822,Taken
823,Tales from the Crypt
824,Tales of Zestiria the X
825,TaleSpin
826,Teen Mom 2
827,Teen Titans
828,Teen Titans Go!
829,Teen Wolf
830,Teenage Mutant Ninja Turtles
831,Ten Days in the Valley
832,Tengen toppa gurren lagann
833,Terminator: The Sarah Connor Chronicles
834,Terra Nova
835,Terror in Resonance
836,That '70s Show
837,That Girl
838,That's So Raven
839,The 100
840,The 4400
841,The A-Team
842,The Addams Family
843,The Adventures of Jimmy Neutron: Boy Genius
844,The Adventures of Tintin
845,The Affair
846,The Alienist
847,The Amazing Race
848,The Amazing World of Gumball
849,The Americans
850,The Ancient Magus' Bride
851,The Andy Griffith Show
852,The Angry Beavers
853,The Avengers: Earth's Mightiest Heroes
854,The Bachelor
855,The Bachelorette
856,The Backyardigans
857,The Batman
858,The Big Bang Theory
859,The Bionic Woman
860,The Blacklist
861,The Blacklist: Redemption
862,The Blue Planet
863,The Bold Type
864,The Boondocks
865,The Borgias
866,The Boss Baby: Back in Business
867,The Brave
868,The Bridge
869,The Carbonaro Effect
870,The Carmichael Show
871,The Catch
872,The Challenge
873,The Cleveland Show
874,The Client List
875,The Closer
876,The Crown
877,The Curse of Oak Island
878,The Dead Zone
879,The Deep
880,The Defenders
881,The Detour
882,The Deuce
883,The Devil Is a Part-Timer!
884,The Dick Van Dyke Show
885,The Donna Reed Show
886,The Dragon Prince
887,The Dresden Files
888,The Drew Carey Show
889,The Dukes of Hazzard
890,The Durrells in Corfu
891,The End of the F***ing World
892,The Event
893,The Exorcist
894,The Expanse
895,The Fairly OddParents
896,The Fall
897,The Fall Guy
898,The Familiar of Zero
899,The First 48
900,The Flash
901,The Flintstones
902,The Following
903,The Fosters
904,The Fresh Prince of Bel-Air
905,The Game
906,The Gifted
907,The Girlfriend Experience
908,The Goldbergs
909,The Golden Girls
910,The Good Cop
911,The Good Doctor
912,The Good Fight
913,The Good Place
914,The Good Wife
915,The Great British Bake Off: An Extra Slice
916,The Handmaid's Tale
917,The Haunting of Hill House
918,The Hills
919,The Hook Up Plan
920,The Inbetweeners
921,The Incredible Hulk
922,The Innocents
923,The Irregular at Magic High School: The Movie - The Girl Who Summons the Stars
924,The IT Crowd
925,The Jamie Foxx Show
926,The Jetsons
927,The Jim Jefferies Show
928,The Killing
929,The Knick
930,The L Word
931,The Last Kingdom
932,The Last Man on Earth
933,The Last O.G.
934,The Last Ship
935,The League
936,The Leftovers
937,The Legend of Korra
938,The Legend of the Galactic Heroes: Die Neue These Seiran
939,The Librarians
940,The Lion Guard
941,The Looming Tower
942,The Looney Tunes Show
943,The Lord of the Skies
944,The Lost Room
945,The Loud House
946,The Magicians
947,The Many Loves of Dobie Gillis
948,The Melancholy of Haruhi Suzumiya
949,The Mentalist
950,The Method
951,The Mick
952,The Middle
953,The Mindy Project
954,The Ministry of Time
955,The Missing
956,The Mist
957,The Morose Mononokean
958,The Munsters
959,The Musketeers
960,The Mysteries of Laura
961,The New Adventures of Old Christine
962,The Newsroom
963,The Next Step
964,The Night Manager
965,The Night Of
966,The Night Shift
967,The O.C.
968,The OA
969,The Oath
970,The Octonauts
971,The Office
972,The Order
973,The Originals
974,The Orville
975,The Outpost
976,The Pacific
977,The Passage
978,The Penguins of Madagascar
979,The Pet Girl of Sakurasou
980,The Pink Panther Show
981,The Powerpuff Girls
982,The Practice
983,The Pretender
984,The Profit
985,The Protector
986,The Punisher
987,The Qwaser of Stigmata
988,The Rain
989,The Ranch
990,The Real Ghostbusters
991,The Real Housewives of Atlanta
992,The Real Housewives of Beverly Hills
993,The Real Housewives of New Jersey
994,The Real Housewives of New York City
995,The Real World
996,The Ren & Stimpy Show
997,The Resident
998,The Royals
999,The Sarah Jane Adventures
1000,The Secret Life of the American Teenager
1001,The Secret World of Alex Mack
1002,The Seven Deadly Sins
1003,The Shannara Chronicles
1004,The Shield
1005,The Simpsons
1006,The Sinner
1007,The Smurfs
1008,The Son
1009,The Sopranos
1010,The SPE@K Project
1011,The Story of God with Morgan Freeman
1012,The Strain
1013,The Terror
1014,The Testament of Sister New Devil
1015,The Thick of It
1016,The Thundermans
1017,The Tomorrow People
1018,The Tonight Show Starring Johnny Carson
1019,The Transformers
1020,The Tudors
1021,The Twilight Zone
1022,The Ultimate Fighter
1023,The Umbrella Academy
1024,The Unit
1025,The Vampire Diaries
1026,The Venture Bros.
1027,The Viking's Daughter: The Story of the Ancient Norsemen
1028,The Walking Dead
1029,The Waltons
1030,The West Wing
1031,The Wire
1032,The Worst Witch
1033,The X-Files
1034,The Young Pope
1035,Third Watch
1036,This Is Us
1037,This Old House
1038,Thomas & Friends: Big World! Big Adventures!
1039,Those Who Can't
1040,Through the Wormhole
1041,Tidelands
1042,Timeless
1043,Tin Star
1044,Tiny Toon Adventures
1045,Titans
1046,Title
1047,Tokyo Ghoul
1048,Tokyo Ravens
1049,Tom and Jerry
1050,Tom and Jerry Tales
1051,Top Cat
1052,Top Chef
1053,Top Gear
1054,Top of the Lake
1055,Toradora!
1056,Torchwood
1057,Tosh.0
1058,Totally Spies!
1059,Touch
1060,Trailer Park Boys
1061,Trailer Park Boys: The Animated Series
1062,Traitors
1063,Transformers Prime
1064,Transparent
1065,Transporter: The Series
1066,Travelers
1067,Treasure Island
1068,Treme
1069,Triage X
1070,Trigun
1071,Trollhunters: Tales of Arcadia
1072,Trolls: The Beat Goes On!
1073,Troy: Fall of a City
1074,True Blood
1075,True Detective
1076,Trust
1077,Tsuredure Children
1078,TURN: Washington's Spies
1079,Tut
1080,Twin Peaks
1081,Twin Star Exorcists
1082,Twisted
1083,Two and a Half Men
1084,Tyrant
1085,Ugly Betty
1086,Ultraman
1087,Unbreakable Kimmy Schmidt
1088,Under the Dome
1089,Unforgettable
1090,Unforgotten
1091,United States of Tara
1092,UnREAL
1093,Upstairs Downstairs
1094,Upstart Crow
1095,Usagi Drop
1096,V
1097,Valley of the Boom
1098,Valor
1099,Vampire Knight
1100,Van Helsing
1101,Vanderpump Rules
1102,Veep
1103,Velvet
1104,Vera
1105,Veronica Mars
1106,Versailles
1107,Vice
1108,Vicky the Viking
1109,Victoria
1110,Victorious
1111,Vida
1112,Vikings
1113,Violet Evergarden
1114,Voltron Legendary Defender Motion Comic
1115,Waco
1116,Waking the Dead
1117,Wallander
1118,Warehouse 13
1119,Wayward Pines
1120,We Bare Bears
1121,Weeds
1122,Weird Science
1123,Welcome to the Family
1124,Wentworth
1125,Westworld
1126,What I Like About You
1127,What We Do in the Shadows
1128,"What's New, Scooby-Doo?"
1129,Wheeler Dealers
1130,When Calls the Heart
1131,Whiskey Cavalier
1132,White Collar
1133,Who's the Boss?
1134,Whose Line Is It Anyway?
1135,Wicked Tuna
1136,Wild 'N Out
1137,Wild Kratts
1138,Wilfred
1139,Will & Grace
1140,Winx Club
1141,Wisdom of the Crowd
1142,Witchblade
1143,Witches of East End
1144,Without a Trace
1145,Wizards of Waverly Place
1146,WKRP in Cincinnati
1147,Wonder Woman
1148,WordGirl
1149,Workaholics
1150,Workin' Moms
1151,World Break: Aria of Curse for a Holy Swordsman
1152,Worst Cooks in America
1153,Wow! Wow! Wubbzy!
1154,Wyatt Cenac's Problem Areas
1155,Wynonna Earp
1156,X Company
1157,X-Men
1158,Xena: Warrior Princess
1159,XIII: The Conspiracy
1160,Yellowstone
1161,Yo Gabba Gabba!
1162,Yona of the Dawn
1163,Yosuga no sora
1164,You
1165,You're the Worst
1166,Young & Hungry
1167,Young Justice
1168,Young Sheldon
1169,Younger
1170,Your Lie in April
1171,Your Pretty Face Is Going to Hell
1172,Yu Yu Hakusho: Ghost Files
1173,Yu-Gi-Oh! 5D's
1174,Yu-Gi-Oh! GX
1175,Yuri!!! On Ice
1176,Z Nation
1177,Zoey 101
1178,Zoo