1,9-1-1
2,90210
3,13 Reasons Why
4,24 Hours
5,30 Rock
6,4 Blocks
7,A Series of Unfortunate Events
8,Agent Carter
9,Altered Carbon
10,American Crime Story
11,American Gods
12,American Horror Story
13,Anne
14,Arrested Development
15,Arrow
16,Atlanta
17,Atypical
18,Band of Brothers
19,Barry
20,Bates Motel
21,Better Call Saul
22,Big Little Lies
23,Billions
24,Black Lightning
25,Black Mirror
26,Blindspot
27,Bloodline
28,Blue Bloods
29,Bodyguard
30,Bones
31,Bosch
32,Breaking Bad
33,Brooklyn Nine-Nine
34,Californication
35,Call the Midwife
36,Castle
37,Charmed
38,Chicago Fire
39,Chicago Med
40,Chicago P.D.
41,Chilling Adventures of Sabrina
42,The Client List
43,Colony
44,Community
45,Covert Affairs
46,Crazy Ex-Girlfriend
47,Criminal Minds
48,Crossing Lines
49,CSI: Crime Scene Investigation
50,Damages
51,Daredevil
52,Dark
53,Dear White People
54,Derry Girls
55,Designated Survivor
56,Desperate Housewives
57,Dexter
58,Dirty John
59,Doctor Who
60,Dogs of Berlin
61,Downton Abbey
62,Drop Dead Diva
63,Dynasty
64,Elementary
65,Elite
66,Entourage
67,ER
68,Fargo
69,Flash
70,Forever
71,Friends
72,Fringe
73,Frontier
74,Full House
75,Fuller House
76,Game of Thrones
77,Ghost Whisperer
78,Gilmore Girls
79,Girlboss
80,Glee
81,Gomorrah
82,Good Girls
83,Good Witch
84,Gossip Girl
85,Gotham
86,Grace and Frankie
87,Greenleaf
88,Grimm
89,Grown-ish
90,Guilt
91,Hannibal
92,Happy Valley
93,Hawaii Five-0
94,Heartland
95,Hemlock Grove
96,Heroes
97,Homeland
98,House
99,House of Cards
100,How I Met Your Mother
101,How to Get Away with Murder
102,Insecure
103,Iron Fist
104,Jane the Virgin
105,Jessica Jones
106,Justified
107,Killing Eve
108,Knightfall
109,La casa de papel
110,La Mante
111,Law & Order
112,Legacies
113,Legends of Tomorrow
114,Legion
115,Lie to Me
116,Limitless
117,Line of Duty
118,Lost
119,Lost in Space
120,Lucifer
121,Luke Cage
122,Mad Men
123,Madam Secretary
124,Manhunt: Unabomber
125,Maniac
126,Marcella
127,Marlon
128,Marvel's Agents of S.H.I.E.L.D.: Academy
129,Masters of Sex
130,Medici
131,Merlin
132,Mindhunter
133,Misfits
134,Miss Fisher's Murder Mysteries
135,Modern Family
136,Monk
137,Mr. Robot
138,Murdoch Mysteries
139,My Name Is Earl
140,Narcos
141,Nashville
142,Z Nation
143,NCIS
144,New Girl
145,Once Upon a Time
146,Once Upon a Time
147,One Tree Hill
148,Orange Is the New Black
149,Orphan Black
150,Osmosis
151,Outlander
152,Ozark
153,Parks and Recreation
154,Power
155,Preacher
156,Pretty Little Liars
157,Prison Break
158,Private Practice
159,Quantico
160,Queen of the South
161,Ray Donovan
162,Reign
163,Revenge
164,Rita
165,Riverdale
166,Russian Doll
167,Safe
168,Salvation
169,Santa Clarita Diet
170,Scandal
171,Scorpion
172,Scream: The TV Series
173,Scrubs
174,Secret City
175,Seinfeld
176,Sense8
177,Sex Education
178,Shades of Blue
179,Shadowhunters: The Mortal Instruments
180,Shameless
181,Sherlock
182,Shooter
183,Silicon Valley
184,Siren
185,Six Feet Under
186,Skins
187,Sleepy Hollow
188,Smallville
189,Sons of Anarchy
190,Spartacus
191,Station 19
192,Stranger Things
193,Strike Back
194,Suits
195,Supergirl
196,Supernatural
197,S.W.A.T.
198,Teen Wolf
199,That '70s Show
200,The 100
201,The Affair
202,The Alienist
203,The Big Bang Theory
204,The Blacklist
205,The Catch
206,The Crown
207,The Defenders
208,The End of the F***ing World
209,The Expanse
210,The Fall
211,The Fosters
212,The Good Doctor
213,The Good Fight
214,The Good Place
215,The Good Wife
216,The Good Wife
217,The Haunting of Hill House
218,The Killing
219,The Last Kingdom
220,The Magicians
221,The Mentalist
222,The Middle
223,The Missing
224,The O.C.
225,The OA
226,The Order
227,The Originals
228,The Pacific
229,The Passage
230,Pretty Little Liars: The Perfectionists
231,The Protector
232,The Punisher
233,The Ranch
234,The Resident
235,The Shannara Chronicles
236,The Sinner
237,The Sopranos
238,The Tudors
239,The Twilight Zone
240,The Umbrella Academy
241,The Vampire Diaries
242,The Walking Dead
243,The X-Files
244,This Is Us
245,Titans
246,Touch
247,Travelers
248,True Blood
249,True Detective
250,Two and a Half Men
251,Under the Dome
252,Unforgettable
253,Van Helsing
254,Veep
255,Vikings
256,Weeds
257,Westworld
258,When Calls the Heart
259,White Collar
260,Witches of East End
261,Wynonna Earp
262,You
263,Young Sheldon